{
  "main": {
    "id": "a14c99c58597de5d",
    "type": "split",
    "children": [
      {
        "id": "c8942e74e5b86a03",
        "type": "tabs",
        "children": [
          {
            "id": "36978cbed63b9b4f",
            "type": "leaf",
            "state": {
              "type": "markdown",
              "state": {
                "file": "300 - environment/0 Corporate/10.0.0.0.md",
                "mode": "source",
                "source": false
              }
            }
          }
        ]
      }
    ],
    "direction": "vertical"
  },
  "left": {
    "id": "62cfa9ed7d795014",
    "type": "split",
    "children": [
      {
        "id": "6213bee3340aedc0",
        "type": "tabs",
        "children": [
          {
            "id": "8190037a33a0ad26",
            "type": "leaf",
            "state": {
              "type": "file-explorer",
              "state": {
                "sortOrder": "alphabetical"
              }
            }
          },
          {
            "id": "e1348ceeca2c5c6a",
            "type": "leaf",
            "state": {
              "type": "search",
              "state": {
                "query": "",
                "matchingCase": false,
                "explainSearch": false,
                "collapseAll": false,
                "extraContext": false,
                "sortOrder": "alphabetical"
              }
            }
          },
          {
            "id": "0719e329f57daef6",
            "type": "leaf",
            "state": {
              "type": "bookmarks",
              "state": {}
            }
          }
        ]
      }
    ],
    "direction": "horizontal",
    "width": 217.5
  },
  "right": {
    "id": "6337cc43524dfb40",
    "type": "split",
    "children": [
      {
        "id": "5dfb087f7141f4dc",
        "type": "tabs",
        "dimension": 44.990723562152134,
        "children": [
          {
            "id": "a9351c5871c3429f",
            "type": "leaf",
            "state": {
              "type": "todo",
              "state": {}
            }
          }
        ]
      },
      {
        "id": "6565a4c3dfaca8aa",
        "type": "tabs",
        "dimension": 55.009276437847866,
        "children": [
          {
            "id": "f1037e6726e1c929",
            "type": "leaf",
            "state": {
              "type": "backlink",
              "state": {
                "file": "300 - environment/0 Corporate/10.0.0.0.md",
                "collapseAll": false,
                "extraContext": false,
                "sortOrder": "alphabetical",
                "showSearch": false,
                "searchQuery": "",
                "backlinkCollapsed": false,
                "unlinkedCollapsed": true
              }
            }
          },
          {
            "id": "461ec57854f367f3",
            "type": "leaf",
            "state": {
              "type": "outgoing-link",
              "state": {
                "file": "300 - environment/0 Corporate/10.0.0.0.md",
                "linksCollapsed": false,
                "unlinkedCollapsed": true
              }
            }
          },
          {
            "id": "250e169988a06090",
            "type": "leaf",
            "state": {
              "type": "tag",
              "state": {
                "sortOrder": "frequency",
                "useHierarchy": true
              }
            }
          },
          {
            "id": "9ea00e2bcb22158b",
            "type": "leaf",
            "state": {
              "type": "outline",
              "state": {
                "file": "300 - environment/0 Corporate/10.0.0.0.md"
              }
            }
          }
        ],
        "currentTab": 3
      }
    ],
    "direction": "horizontal",
    "width": 311.5
  },
  "left-ribbon": {
    "hiddenItems": {
      "switcher:Open quick switcher": false,
      "graph:Open graph view": false,
      "canvas:Create new canvas": false,
      "daily-notes:Open today's daily note": false,
      "templates:Insert template": false,
      "command-palette:Open command palette": false,
      "table-editor-obsidian:Advanced Tables Toolbar": false
    }
  },
  "active": "36978cbed63b9b4f",
  "lastOpenFiles": [
    "200 - findings/_outline.md",
    "300 - environment/AWS/Lambda.md",
    "300 - environment/AWS/EC2.md",
    "300 - environment/200 Guest/10.0.200.0.md",
    "300 - environment/0 Corporate/10.0.0.0.md",
    "300 - environment/1 User/10.0.1.0.md",
    "300 - environment/20 Train/10.0.20.0.md",
    "100 - general/Notes.md",
    "300 - environment/AWS/S3.md",
    "300 - environment/AWS/IAM.md",
    "100 - general/Timeline.md",
    "100 - general/Canvas.canvas",
    "000 - screenshots/Pasted image 20231216003357.png",
    "100 - general/Findings",
    "300 - environment/1 User/10.0.1.0/Ports/22 SSH.md",
    "300 - environment/1 User/10.0.1.0/Notes.md",
    "300 - environment/0 Corporate/10.0.0.0/Notes.md",
    "100 - general",
    "300 - environment/0 Corporate/10.0.0.0/Ports/22 SSH.md",
    "300 - environment/200 Guest/10.0.200.0/Notes.md",
    "300 - environment/200 Guest/10.0.200.0/Ports/22 SSH.md",
    "300 - environment/20 Train/10.0.20.0/Ports/22 SSH.md",
    "200 - environment/20 Train/10.0.20.0 - Copy/Ports/22 SSH.md",
    "200 - environment/20 Train/10.0.20.0 - Copy/Ports",
    "200 - environment/20 Train/10.0.20.0 - Copy/Notes.md",
    "200 - environment/20 Train/10.0.20.0 - Copy",
    "300 - environment/20 Train/10.0.20.0/Notes.md",
    "200 - environment/0 Corporate/Untitled.canvas",
    "300 - environment/200 Guest/10.0.200.0/Ports",
    "300 - environment/20 Train/10.0.20.0/Ports",
    "300 - environment/1 User/10.0.1.0/Ports",
    "300 - environment/AWS/IAM",
    "300 - environment/AWS/S3",
    "300 - environment/AWS/Lambda",
    "200 - subnets/0 Corporate/10.10..md",
    "200 subnets/210/Untitled.md",
    "000 - screenshots/Pasted image 20231216004106.png",
    "000 - screenshots/Pasted image 20231216004037.png",
    "000 - screenshots/Pasted image 20231216003450.png",
    "200 engagement/timeline + timestamp test.md",
    "t/test 2.md",
    "000 - screenshots/Pasted image 20231216003546.png",
    "000 - screenshots/Pasted image 20231216003539.png"
  ]
}